1,"Name 1",1373490000000,1372366800000,"10-07-2013 21:00:00","27-06-2013 21:00:00"
2,"Name 2",1372453200000,1373403600000,"28-06-2013 21:00:00","09-07-2013 21:00:00"
3,"Name 3",1372798800000,1372712400000,"02-07-2013 21:00:00","01-07-2013 21:00:00"
4,"Name 4",1372107600000,1373403600000,"24-06-2013 21:00:00","09-07-2013 21:00:00"
5,"Name 5",1372280400000,1373230800000,"26-06-2013 21:00:00","07-07-2013 21:00:00"
6,"Name 6",1373058000000,1373576400000,"05-07-2013 21:00:00","11-07-2013 21:00:00"
7,"Name 7",1373490000000,1372626000000,"10-07-2013 21:00:00","30-06-2013 21:00:00"
8,"Name 8",1371762000000,1373576400000,"20-06-2013 21:00:00","11-07-2013 21:00:00"
9,"Name 9",1372280400000,1373058000000,"26-06-2013 21:00:00","05-07-2013 21:00:00"
10,"Name 10",1373058000000,1373058000000,"05-07-2013 21:00:00","05-07-2013 21:00:00"
11,"Name 11",1374786000000,1375909200000,"25-07-2013 21:00:00","07-08-2013 21:00:00"
12,"Name 12",1375218000000,1375736400000,"30-07-2013 21:00:00","05-08-2013 21:00:00"
13,"Name 13",1374526800000,1376254800000,"22-07-2013 21:00:00","11-08-2013 21:00:00"
14,"Name 14",1374699600000,1375995600000,"24-07-2013 21:00:00","08-08-2013 21:00:00"
15,"Name 15",1376168400000,1376254800000,"10-08-2013 21:00:00","11-08-2013 21:00:00"
16,"Name 16",1375563600000,1375822800000,"03-08-2013 21:00:00","06-08-2013 21:00:00"
17,"Name 17",1375477200000,1375909200000,"02-08-2013 21:00:00","07-08-2013 21:00:00"
18,"Name 18",1375650000000,1376254800000,"04-08-2013 21:00:00","11-08-2013 21:00:00"
19,"Name 19",1375390800000,1375563600000,"01-08-2013 21:00:00","03-08-2013 21:00:00"
20,"Name 20",1377118800000,1378933200000,"21-08-2013 21:00:00","11-09-2013 21:00:00"
21,"Name 21",1377205200000,1378846800000,"22-08-2013 21:00:00","10-09-2013 21:00:00"
22,"Name 22",1377378000000,1378846800000,"24-08-2013 21:00:00","10-09-2013 21:00:00"
23,"Name 23",1378242000000,1378587600000,"03-09-2013 21:00:00","07-09-2013 21:00:00"
24,"Name 24",1379970000000,1381266000000,"23-09-2013 21:00:00","08-10-2013 21:00:00"
25,"Name 25",1381179600000,1381266000000,"07-10-2013 21:00:00","08-10-2013 21:00:00"
26,"Name 26",1381438800000,1380661200000,"10-10-2013 21:00:00","01-10-2013 21:00:00"
27,"Name 27",1380747600000,1380920400000,"02-10-2013 21:00:00","04-10-2013 21:00:00"
28,"Name 28",1381179600000,1381179600000,"07-10-2013 21:00:00","07-10-2013 21:00:00"
29,"Name 29",1380747600000,1381093200000,"02-10-2013 21:00:00","06-10-2013 21:00:00"
30,"Name 30",1381438800000,1379970000000,"10-10-2013 21:00:00","23-09-2013 21:00:00"
31,"Name 31",1379797200000,1381525200000,"21-09-2013 21:00:00","11-10-2013 21:00:00"
32,"Name 32",1381438800000,1381266000000,"10-10-2013 21:00:00","08-10-2013 21:00:00"
33,"Name 33",1380747600000,1380574800000,"02-10-2013 21:00:00","30-09-2013 21:00:00"
34,"Name 34",1383775200000,1383688800000,"06-11-2013 22:00:00","05-11-2013 22:00:00"
35,"Name 35",1383343200000,1384120800000,"01-11-2013 22:00:00","10-11-2013 22:00:00"
36,"Name 36",1382392800000,1384207200000,"21-10-2013 22:00:00","11-11-2013 22:00:00"
37,"Name 37",1383170400000,1383775200000,"30-10-2013 22:00:00","06-11-2013 22:00:00"
38,"Name 38",1382392800000,1384207200000,"21-10-2013 22:00:00","11-11-2013 22:00:00"
39,"Name 39",1382479200000,1384120800000,"22-10-2013 22:00:00","10-11-2013 22:00:00"
40,"Name 40",1383256800000,1383861600000,"31-10-2013 22:00:00","07-11-2013 22:00:00"
41,"Name 41",1383084000000,1383516000000,"29-10-2013 22:00:00","03-11-2013 22:00:00"
42,"Name 42",1383861600000,1382738400000,"07-11-2013 22:00:00","25-10-2013 22:00:00"
43,"Name 43",1368219600000,1368046800000,"10-05-2013 21:00:00","08-05-2013 21:00:00"
44,"Name 44",1367701200000,1367614800000,"04-05-2013 21:00:00","03-05-2013 21:00:00"
45,"Name 45",1367182800000,1368046800000,"28-04-2013 21:00:00","08-05-2013 21:00:00"
46,"Name 46",1367182800000,1368219600000,"28-04-2013 21:00:00","10-05-2013 21:00:00"
47,"Name 47",1367787600000,1367701200000,"05-05-2013 21:00:00","04-05-2013 21:00:00"
48,"Name 48",1386021600000,1386108000000,"02-12-2013 22:00:00","03-12-2013 22:00:00"
49,"Name 49",1385157600000,1386712800000,"22-11-2013 22:00:00","10-12-2013 22:00:00"
50,"Name 50",1384984800000,1386799200000,"20-11-2013 22:00:00","11-12-2013 22:00:00"
51,"Name 51",1386194400000,1385589600000,"04-12-2013 22:00:00","27-11-2013 22:00:00"
52,"Name 52",1386108000000,1386367200000,"03-12-2013 22:00:00","06-12-2013 22:00:00"
53,"Name 53",1385503200000,1386367200000,"26-11-2013 22:00:00","06-12-2013 22:00:00"
54,"Name 54",1385157600000,1386626400000,"22-11-2013 22:00:00","09-12-2013 22:00:00"
55,"Name 55",1388613600000,1389391200000,"01-01-2014 22:00:00","10-01-2014 22:00:00"
56,"Name 56",1388700000000,1389132000000,"02-01-2014 22:00:00","07-01-2014 22:00:00"
57,"Name 57",1388008800000,1389218400000,"25-12-2013 22:00:00","08-01-2014 22:00:00"
58,"Name 58",1388872800000,1388613600000,"04-01-2014 22:00:00","01-01-2014 22:00:00"
59,"Name 59",1388527200000,1389477600000,"31-12-2013 22:00:00","11-01-2014 22:00:00"
60,"Name 60",1387836000000,1389391200000,"23-12-2013 22:00:00","10-01-2014 22:00:00"
61,"Name 61",1388268000000,1388959200000,"28-12-2013 22:00:00","05-01-2014 22:00:00"
62,"Name 62",1387749600000,1389477600000,"22-12-2013 22:00:00","11-01-2014 22:00:00"
63,"Name 63",1390428000000,1392069600000,"22-01-2014 22:00:00","10-02-2014 22:00:00"
64,"Name 64",1390428000000,1392156000000,"22-01-2014 22:00:00","11-02-2014 22:00:00"
65,"Name 65",1391551200000,1391983200000,"04-02-2014 22:00:00","09-02-2014 22:00:00"
66,"Name 66",1390428000000,1392069600000,"22-01-2014 22:00:00","10-02-2014 22:00:00"
67,"Name 67",1390428000000,1392156000000,"22-01-2014 22:00:00","11-02-2014 22:00:00"
68,"Name 68",1390428000000,1392156000000,"22-01-2014 22:00:00","11-02-2014 22:00:00"
69,"Name 69",1391119200000,1391810400000,"30-01-2014 22:00:00","07-02-2014 22:00:00"
70,"Name 70",1390860000000,1391724000000,"27-01-2014 22:00:00","06-02-2014 22:00:00"
71,"Name 71",1391551200000,1391637600000,"04-02-2014 22:00:00","05-02-2014 22:00:00"
72,"Name 72",1391551200000,1391551200000,"04-02-2014 22:00:00","04-02-2014 22:00:00"
73,"Name 73",1393624800000,1394229600000,"28-02-2014 22:00:00","07-03-2014 22:00:00"
74,"Name 74",1392933600000,1394402400000,"20-02-2014 22:00:00","09-03-2014 22:00:00"
75,"Name 75",1393538400000,1394488800000,"27-02-2014 22:00:00","10-03-2014 22:00:00"
76,"Name 76",1393365600000,1394575200000,"25-02-2014 22:00:00","11-03-2014 22:00:00"
77,"Name 77",1393970400000,1393452000000,"04-03-2014 22:00:00","26-02-2014 22:00:00"
78,"Name 78",1394316000000,1393884000000,"08-03-2014 22:00:00","03-03-2014 22:00:00"
79,"Name 79",1394056800000,1394316000000,"05-03-2014 22:00:00","08-03-2014 22:00:00"
80,"Name 80",1394488800000,1393106400000,"10-03-2014 22:00:00","22-02-2014 22:00:00"
81,"Name 81",1394229600000,1394143200000,"07-03-2014 22:00:00","06-03-2014 22:00:00"
82,"Name 82",1392847200000,1394488800000,"19-02-2014 22:00:00","10-03-2014 22:00:00"
83,"Name 83",1395694800000,1397250000000,"24-03-2014 21:00:00","11-04-2014 21:00:00"
84,"Name 84",1395608400000,1397077200000,"23-03-2014 21:00:00","09-04-2014 21:00:00"
85,"Name 85",1395867600000,1397077200000,"26-03-2014 21:00:00","09-04-2014 21:00:00"
86,"Name 86",1399323600000,1399842000000,"05-05-2014 21:00:00","11-05-2014 21:00:00"
87,"Name 87",1398114000000,1399755600000,"21-04-2014 21:00:00","10-05-2014 21:00:00"
88,"Name 88",1398978000000,1399410000000,"01-05-2014 21:00:00","06-05-2014 21:00:00"
89,"Name 89",1399064400000,1399237200000,"02-05-2014 21:00:00","04-05-2014 21:00:00"
90,"Name 90",1399582800000,1398718800000,"08-05-2014 21:00:00","28-04-2014 21:00:00"
91,"Name 91",1398200400000,1399842000000,"22-04-2014 21:00:00","11-05-2014 21:00:00"
92,"Name 92",1399496400000,1398632400000,"07-05-2014 21:00:00","27-04-2014 21:00:00"
93,"Name 93",1399323600000,1398632400000,"05-05-2014 21:00:00","27-04-2014 21:00:00"
94,"Name 94",1398286800000,1399582800000,"23-04-2014 21:00:00","08-05-2014 21:00:00"
95,"Name 95",1399150800000,1399842000000,"03-05-2014 21:00:00","11-05-2014 21:00:00"
96,"Name 96",1401656400000,1401656400000,"01-06-2014 21:00:00","01-06-2014 21:00:00"
97,"Name 97",1402261200000,1401570000000,"08-06-2014 21:00:00","31-05-2014 21:00:00"
98,"Name 98",1402174800000,1401051600000,"07-06-2014 21:00:00","25-05-2014 21:00:00"
99,"Name 99",1400706000000,1402520400000,"21-05-2014 21:00:00","11-06-2014 21:00:00"
100,"Name 100",1403384400000,1405026000000,"21-06-2014 21:00:00","10-07-2014 21:00:00"
101,"Name 101",1404853200000,1405026000000,"08-07-2014 21:00:00","10-07-2014 21:00:00"
102,"Name 102",1404421200000,1404248400000,"03-07-2014 21:00:00","01-07-2014 21:00:00"
103,"Name 103",1403989200000,1404594000000,"28-06-2014 21:00:00","05-07-2014 21:00:00"
104,"Name 104",1403730000000,1404939600000,"25-06-2014 21:00:00","09-07-2014 21:00:00"
